shipment_id,shipment_seq_num,order_number,customer_name,origin,destination,shipment_date,receiver_name,receiver_address
S001,1,ORD1001,Customer1,Pune,Mumbai,2026-03-01,Receiver1,"Address Line 1, City, State, 400001"
S002,2,ORD1002,Customer2,Pune,Mumbai,2026-03-01,Receiver2,"Address Line 2, City, State, 400002"
S003,3,ORD1003,Customer3,Pune,Mumbai,2026-03-01,Receiver3,"Address Line 3, City, State, 400003"
S004,4,ORD1004,Customer4,Pune,Mumbai,2026-03-01,Receiver4,"Address Line 4, City, State, 400004"
S005,5,ORD1005,Customer5,Pune,Mumbai,2026-03-01,Receiver5,"Address Line 5, City, State, 400005"
S006,6,ORD1006,Customer6,Pune,Mumbai,2026-03-01,Receiver6,"Address Line 6, City, State, 400006"
S007,7,ORD1007,Customer7,Pune,Mumbai,2026-03-01,Receiver7,"Address Line 7, City, State, 400007"
S008,8,ORD1008,Customer8,Pune,Mumbai,2026-03-01,Receiver8,"Address Line 8, City, State, 400008"
S009,9,ORD1009,Customer9,Pune,Mumbai,2026-03-01,Receiver9,"Address Line 9, City, State, 400009"
S010,10,ORD1010,Customer10,Pune,Mumbai,2026-03-01,Receiver10,"Address Line 10, City, State, 400010"
S011,11,ORD1011,Customer11,Pune,Mumbai,2026-03-01,Receiver11,"Address Line 11, City, State, 400011"
S012,12,ORD1012,Customer12,Pune,Mumbai,2026-03-01,Receiver12,"Address Line 12, City, State, 400012"
S013,13,ORD1013,Customer13,Pune,Mumbai,2026-03-01,Receiver13,"Address Line 13, City, State, 400013"
S014,14,ORD1014,Customer14,Pune,Mumbai,2026-03-01,Receiver14,"Address Line 14, City, State, 400014"
S015,15,ORD1015,Customer15,Pune,Mumbai,2026-03-01,Receiver15,"Address Line 15, City, State, 400015"
S016,16,ORD1016,Customer16,Pune,Mumbai,2026-03-01,Receiver16,"Address Line 16, City, State, 400016"
S017,17,ORD1017,Customer17,Pune,Mumbai,2026-03-01,Receiver17,"Address Line 17, City, State, 400017"
S018,18,ORD1018,Customer18,Pune,Mumbai,2026-03-01,Receiver18,"Address Line 18, City, State, 400018"
S019,19,ORD1019,Customer19,Pune,Mumbai,2026-03-01,Receiver19,"Address Line 19, City, State, 400019"
S020,20,ORD1020,Customer20,Pune,Mumbai,2026-03-01,Receiver20,"Address Line 20, City, State, 400020"
S021,21,ORD1021,Customer21,Pune,Mumbai,2026-03-01,Receiver21,"Address Line 21, City, State, 400021"
S022,22,ORD1022,Customer22,Pune,Mumbai,2026-03-01,Receiver22,"Address Line 22, City, State, 400022"
S023,23,ORD1023,Customer23,Pune,Mumbai,2026-03-01,Receiver23,"Address Line 23, City, State, 400023"
S024,24,ORD1024,Customer24,Pune,Mumbai,2026-03-01,Receiver24,"Address Line 24, City, State, 400024"
S025,25,ORD1025,Customer25,Pune,Mumbai,2026-03-01,Receiver25,"Address Line 25, City, State, 400025"
S026,26,ORD1026,Customer26,Pune,Mumbai,2026-03-01,Receiver26,"Address Line 26, City, State, 400026"
S027,27,ORD1027,Customer27,Pune,Mumbai,2026-03-01,Receiver27,"Address Line 27, City, State, 400027"
S028,28,ORD1028,Customer28,Pune,Mumbai,2026-03-01,Receiver28,"Address Line 28, City, State, 400028"
S029,29,ORD1029,Customer29,Pune,Mumbai,2026-03-01,Receiver29,"Address Line 29, City, State, 400029"
S030,30,ORD1030,Customer30,Pune,Mumbai,2026-03-01,Receiver30,"Address Line 30, City, State, 400030"
S031,31,ORD1031,Customer31,Pune,Mumbai,2026-03-01,Receiver31,"Address Line 31, City, State, 400031"
S032,32,ORD1032,Customer32,Pune,Mumbai,2026-03-01,Receiver32,"Address Line 32, City, State, 400032"
S033,33,ORD1033,Customer33,Pune,Mumbai,2026-03-01,Receiver33,"Address Line 33, City, State, 400033"
S034,34,ORD1034,Customer34,Pune,Mumbai,2026-03-01,Receiver34,"Address Line 34, City, State, 400034"
S035,35,ORD1035,Customer35,Pune,Mumbai,2026-03-01,Receiver35,"Address Line 35, City, State, 400035"
S036,36,ORD1036,Customer36,Pune,Mumbai,2026-03-01,Receiver36,"Address Line 36, City, State, 400036"
S037,37,ORD1037,Customer37,Pune,Mumbai,2026-03-01,Receiver37,"Address Line 37, City, State, 400037"
S038,38,ORD1038,Customer38,Pune,Mumbai,2026-03-01,Receiver38,"Address Line 38, City, State, 400038"
S039,39,ORD1039,Customer39,Pune,Mumbai,2026-03-01,Receiver39,"Address Line 39, City, State, 400039"
S040,40,ORD1040,Customer40,Pune,Mumbai,2026-03-01,Receiver40,"Address Line 40, City, State, 400040"
S041,41,ORD1041,Customer41,Pune,Mumbai,2026-03-01,Receiver41,"Address Line 41, City, State, 400041"
S042,42,ORD1042,Customer42,Pune,Mumbai,2026-03-01,Receiver42,"Address Line 42, City, State, 400042"
S043,43,ORD1043,Customer43,Pune,Mumbai,2026-03-01,Receiver43,"Address Line 43, City, State, 400043"
S044,44,ORD1044,Customer44,Pune,Mumbai,2026-03-01,Receiver44,"Address Line 44, City, State, 400044"
S045,45,ORD1045,Customer45,Pune,Mumbai,2026-03-01,Receiver45,"Address Line 45, City, State, 400045"
S046,46,ORD1046,Customer46,Pune,Mumbai,2026-03-01,Receiver46,"Address Line 46, City, State, 400046"
S047,47,ORD1047,Customer47,Pune,Mumbai,2026-03-01,Receiver47,"Address Line 47, City, State, 400047"
S048,48,ORD1048,Customer48,Pune,Mumbai,2026-03-01,Receiver48,"Address Line 48, City, State, 400048"
S049,49,ORD1049,Customer49,Pune,Mumbai,2026-03-01,Receiver49,"Address Line 49, City, State, 400049"
S050,50,ORD1050,Customer50,Pune,Mumbai,2026-03-01,Receiver50,"Address Line 50, City, State, 400050"
S051,51,ORD1051,Customer51,Pune,Mumbai,2026-03-01,Receiver51,"Address Line 51, City, State, 400051"
S052,52,ORD1052,Customer52,Pune,Mumbai,2026-03-01,Receiver52,"Address Line 52, City, State, 400052"
S053,53,ORD1053,Customer53,Pune,Mumbai,2026-03-01,Receiver53,"Address Line 53, City, State, 400053"
S054,54,ORD1054,Customer54,Pune,Mumbai,2026-03-01,Receiver54,"Address Line 54, City, State, 400054"
S055,55,ORD1055,Customer55,Pune,Mumbai,2026-03-01,Receiver55,"Address Line 55, City, State, 400055"
S056,56,ORD1056,Customer56,Pune,Mumbai,2026-03-01,Receiver56,"Address Line 56, City, State, 400056"
S057,57,ORD1057,Customer57,Pune,Mumbai,2026-03-01,Receiver57,"Address Line 57, City, State, 400057"
S058,58,ORD1058,Customer58,Pune,Mumbai,2026-03-01,Receiver58,"Address Line 58, City, State, 400058"
S059,59,ORD1059,Customer59,Pune,Mumbai,2026-03-01,Receiver59,"Address Line 59, City, State, 400059"
S060,60,ORD1060,Customer60,Pune,Mumbai,2026-03-01,Receiver60,"Address Line 60, City, State, 400060"
S061,61,ORD1061,Customer61,Pune,Mumbai,2026-03-01,Receiver61,"Address Line 61, City, State, 400061"
S062,62,ORD1062,Customer62,Pune,Mumbai,2026-03-01,Receiver62,"Address Line 62, City, State, 400062"
S063,63,ORD1063,Customer63,Pune,Mumbai,2026-03-01,Receiver63,"Address Line 63, City, State, 400063"
S064,64,ORD1064,Customer64,Pune,Mumbai,2026-03-01,Receiver64,"Address Line 64, City, State, 400064"
S065,65,ORD1065,Customer65,Pune,Mumbai,2026-03-01,Receiver65,"Address Line 65, City, State, 400065"
S066,66,ORD1066,Customer66,Pune,Mumbai,2026-03-01,Receiver66,"Address Line 66, City, State, 400066"
S067,67,ORD1067,Customer67,Pune,Mumbai,2026-03-01,Receiver67,"Address Line 67, City, State, 400067"
S068,68,ORD1068,Customer68,Pune,Mumbai,2026-03-01,Receiver68,"Address Line 68, City, State, 400068"
S069,69,ORD1069,Customer69,Pune,Mumbai,2026-03-01,Receiver69,"Address Line 69, City, State, 400069"
S070,70,ORD1070,Customer70,Pune,Mumbai,2026-03-01,Receiver70,"Address Line 70, City, State, 400070"
S071,71,ORD1071,Customer71,Pune,Mumbai,2026-03-01,Receiver71,"Address Line 71, City, State, 400071"
S072,72,ORD1072,Customer72,Pune,Mumbai,2026-03-01,Receiver72,"Address Line 72, City, State, 400072"
S073,73,ORD1073,Customer73,Pune,Mumbai,2026-03-01,Receiver73,"Address Line 73, City, State, 400073"
S074,74,ORD1074,Customer74,Pune,Mumbai,2026-03-01,Receiver74,"Address Line 74, City, State, 400074"
S075,75,ORD1075,Customer75,Pune,Mumbai,2026-03-01,Receiver75,"Address Line 75, City, State, 400075"
S076,76,ORD1076,Customer76,Pune,Mumbai,2026-03-01,Receiver76,"Address Line 76, City, State, 400076"
S077,77,ORD1077,Customer77,Pune,Mumbai,2026-03-01,Receiver77,"Address Line 77, City, State, 400077"
S078,78,ORD1078,Customer78,Pune,Mumbai,2026-03-01,Receiver78,"Address Line 78, City, State, 400078"
S079,79,ORD1079,Customer79,Pune,Mumbai,2026-03-01,Receiver79,"Address Line 79, City, State, 400079"
S080,80,ORD1080,Customer80,Pune,Mumbai,2026-03-01,Receiver80,"Address Line 80, City, State, 400080"
S081,81,ORD1081,Customer81,Pune,Mumbai,2026-03-01,Receiver81,"Address Line 81, City, State, 400081"
S082,82,ORD1082,Customer82,Pune,Mumbai,2026-03-01,Receiver82,"Address Line 82, City, State, 400082"
S083,83,ORD1083,Customer83,Pune,Mumbai,2026-03-01,Receiver83,"Address Line 83, City, State, 400083"
S084,84,ORD1084,Customer84,Pune,Mumbai,2026-03-01,Receiver84,"Address Line 84, City, State, 400084"
S085,85,ORD1085,Customer85,Pune,Mumbai,2026-03-01,Receiver85,"Address Line 85, City, State, 400085"
S086,86,ORD1086,Customer86,Pune,Mumbai,2026-03-01,Receiver86,"Address Line 86, City, State, 400086"
S087,87,ORD1087,Customer87,Pune,Mumbai,2026-03-01,Receiver87,"Address Line 87, City, State, 400087"
S088,88,ORD1088,Customer88,Pune,Mumbai,2026-03-01,Receiver88,"Address Line 88, City, State, 400088"
S089,89,ORD1089,Customer89,Pune,Mumbai,2026-03-01,Receiver89,"Address Line 89, City, State, 400089"
S090,90,ORD1090,Customer90,Pune,Mumbai,2026-03-01,Receiver90,"Address Line 90, City, State, 400090"
S091,91,ORD1091,Customer91,Pune,Mumbai,2026-03-01,Receiver91,"Address Line 91, City, State, 400091"
S092,92,ORD1092,Customer92,Pune,Mumbai,2026-03-01,Receiver92,"Address Line 92, City, State, 400092"
S093,93,ORD1093,Customer93,Pune,Mumbai,2026-03-01,Receiver93,"Address Line 93, City, State, 400093"
S094,94,ORD1094,Customer94,Pune,Mumbai,2026-03-01,Receiver94,"Address Line 94, City, State, 400094"
S095,95,ORD1095,Customer95,Pune,Mumbai,2026-03-01,Receiver95,"Address Line 95, City, State, 400095"
S096,96,ORD1096,Customer96,Pune,Mumbai,2026-03-01,Receiver96,"Address Line 96, City, State, 400096"
S097,97,ORD1097,Customer97,Pune,Mumbai,2026-03-01,Receiver97,"Address Line 97, City, State, 400097"
S098,98,ORD1098,Customer98,Pune,Mumbai,2026-03-01,Receiver98,"Address Line 98, City, State, 400098"
S099,99,ORD1099,Customer99,Pune,Mumbai,2026-03-01,Receiver99,"Address Line 99, City, State, 400099"
S100,100,ORD1100,Customer100,Pune,Mumbai,2026-03-01,Receiver100,"Address Line 100, City, State, 400100"
S101,101,ORD1101,Customer101,Pune,Mumbai,2026-03-01,Receiver101,"Address Line 101, City, State, 400101"
S102,102,ORD1102,Customer102,Pune,Mumbai,2026-03-01,Receiver102,"Address Line 102, City, State, 400102"
S103,103,ORD1103,Customer103,Pune,Mumbai,2026-03-01,Receiver103,"Address Line 103, City, State, 400103"
S104,104,ORD1104,Customer104,Pune,Mumbai,2026-03-01,Receiver104,"Address Line 104, City, State, 400104"
S105,105,ORD1105,Customer105,Pune,Mumbai,2026-03-01,Receiver105,"Address Line 105, City, State, 400105"
